ID,Monto,Fecha,Descripcion
607269d6defba3.78475017,"10-04-21 11:15PM",3000,Monto prueba
60726a34df5a73.99703688,"10-04-21 11:17PM",3000,Deuda prueba
60735d3d130393.35548426,"10-04-21 11:15PM",3000,Monto
60735d3d135945.90823880,"10-04-21 11:17PM",3000,Deuda
