ID,Monto,Fecha,Descripcion
607269d6defba3.78475017,3000,"10-04-21 11:15PM",Monto
60726a34df5a73.99703688,3000,"10-04-21 11:17PM",Deuda
