ID,Monto,Fecha,Descripcion
60737c33987bd0.70906728,3000,"11-04-21 06:46PM","Monto prueba"
60737c3399f390.51070319,3000,"11-04-21 06:46PM","Deuda prueba"
60737c339b94d1.74518787,3000,"11-04-21 06:46PM",Monto
60737c339d18c3.89625920,3000,"11-04-21 06:46PM",Deuda
